{"cameraMode":{"drawMode":0,"name":"Shaded","section":"Shading Mode"},"sceneLighting":true,"audioPlay":false,"sceneViewState":{"showFog":true,"showMaterialUpdate":false,"showSkybox":true,"showFlares":true,"showImageEffects":true,"showParticleSystems":true},"in2DMode":false,"pivot":{"x":-0.8324317932128906,"y":-1.8597774505615235,"z":3.719095230102539},"rotation":{"x":-0.17043879628181458,"y":0.021279098466038705,"z":-0.003682143520563841,"w":-0.9851675033569336},"size":7.005162239074707,"orthographic":false}